course_id,course_item_id,assessment_id
"POZJ3uOtEeSoXCIACw4Gzg","iFuUg","P7GfzOOtEeS_7SIACxCfaQ@5"
"POZJ3uOtEeSoXCIACw4Gzg","SpeI0","QttAuuOtEeS_7SIACxCfaQ@1"
"POZJ3uOtEeSoXCIACw4Gzg","mHZLg","K7qVnQjhEeWCQyIAC5XEog@2"
"POZJ3uOtEeSoXCIACw4Gzg","GbddL","QQe5UeOtEeS_7SIACxCfaQ@2"
"POZJ3uOtEeSoXCIACw4Gzg","P2dKC","P6SneOOtEeS_7SIACxCfaQ@1"
"POZJ3uOtEeSoXCIACw4Gzg","xz5Zr","czAAS_7HEeSoGSIAC9hEHA@1"
"POZJ3uOtEeSoXCIACw4Gzg","mIUnh","DwWleQjhEeWk6iIAC3_PpA@4"
"POZJ3uOtEeSoXCIACw4Gzg","cFvam","QO4Wx-OtEeS_7SIACxCfaQ@4"
"POZJ3uOtEeSoXCIACw4Gzg","mHZLg","K7qVnQjhEeWCQyIAC5XEog@5"
"POZJ3uOtEeSoXCIACw4Gzg","dUT2M","A0XgSvlIEeS7YiIAC0KBkQ@7"
"POZJ3uOtEeSoXCIACw4Gzg","RfSxV","PqJsa-niEeSBAyIAC0yDbg@1"
"POZJ3uOtEeSoXCIACw4Gzg","nBkTi","Qq_q6uOtEeS_7SIACxCfaQ@2"
"POZJ3uOtEeSoXCIACw4Gzg","1AWPc","P7bP7uOtEeS_7SIACxCfaQ@3"
"POZJ3uOtEeSoXCIACw4Gzg","M7Go1","P7x0QOOtEeS_7SIACxCfaQ@1"
"POZJ3uOtEeSoXCIACw4Gzg","Qm8kd","7Z6FEA8qEeWjlSIACxCHZA@17"
"POZJ3uOtEeSoXCIACw4Gzg","Qm8kd","7Z6FEA8qEeWjlSIACxCHZA@12"
"POZJ3uOtEeSoXCIACw4Gzg","Qm8kd","7Z6FEA8qEeWjlSIACxCHZA@7"
"POZJ3uOtEeSoXCIACw4Gzg","hJxJk","Q1OkweOtEeS_7SIACxCfaQ@2"
"POZJ3uOtEeSoXCIACw4Gzg","fx2cL","QkPjCeOtEeS_7SIACxCfaQ@1"
"POZJ3uOtEeSoXCIACw4Gzg","QMlrc","sX7UFjuLEeWYpCIAC4O5_Q@2"
"POZJ3uOtEeSoXCIACw4Gzg","GbddL","QQe5UeOtEeS_7SIACxCfaQ@1"
"POZJ3uOtEeSoXCIACw4Gzg","wFqWC","Qszo1OOtEeS_7SIACxCfaQ@3"
"POZJ3uOtEeSoXCIACw4Gzg","Qm8kd","7Z6FEA8qEeWjlSIACxCHZA@28"
"POZJ3uOtEeSoXCIACw4Gzg","ZOw05","PzJdPOOtEeS_7SIACxCfaQ@3"
"POZJ3uOtEeSoXCIACw4Gzg","eBNe7","Q0Umy-OtEeS_7SIACxCfaQ@1"
"POZJ3uOtEeSoXCIACw4Gzg","klaji","QrYsfOOtEeS_7SIACxCfaQ@3"
"POZJ3uOtEeSoXCIACw4Gzg","ajqnX","QzuJ1-OtEeS_7SIACxCfaQ@3"
"POZJ3uOtEeSoXCIACw4Gzg","ajqnX","QzuJ1-OtEeS_7SIACxCfaQ@2"
"POZJ3uOtEeSoXCIACw4Gzg","qJATX","Q1zzl-OtEeS_7SIACxCfaQ@1"
"POZJ3uOtEeSoXCIACw4Gzg","P2dKC","P6SneOOtEeS_7SIACxCfaQ@3"
"POZJ3uOtEeSoXCIACw4Gzg","iCjGL","P6mwiuOtEeS_7SIACxCfaQ@3"
"POZJ3uOtEeSoXCIACw4Gzg","y77WO","Q07qz-OtEeS_7SIACxCfaQ@1"
"POZJ3uOtEeSoXCIACw4Gzg","yzEvr","Q0Br2eOtEeS_7SIACxCfaQ@1"
"POZJ3uOtEeSoXCIACw4Gzg","1vJSS","QQHs7eOtEeS_7SIACxCfaQ@1"
"POZJ3uOtEeSoXCIACw4Gzg","QM64G","Qrwf7uOtEeS_7SIACxCfaQ@2"
"POZJ3uOtEeSoXCIACw4Gzg","6cib0","QiLtgeOtEeS_7SIACxCfaQ@2"
"POZJ3uOtEeSoXCIACw4Gzg","klaji","QrYsfOOtEeS_7SIACxCfaQ@1"
"POZJ3uOtEeSoXCIACw4Gzg","loU2f","auc45AjhEeWTpSIAC4-MSg@1"
"POZJ3uOtEeSoXCIACw4Gzg","Qm8kd","7Z6FEA8qEeWjlSIACxCHZA@30"
"POZJ3uOtEeSoXCIACw4Gzg","mHZLg","K7qVnQjhEeWCQyIAC5XEog@3"
"POZJ3uOtEeSoXCIACw4Gzg","MvXQX","Qjulp-OtEeS_7SIACxCfaQ@1"
"POZJ3uOtEeSoXCIACw4Gzg","QMlrc","sX7UFjuLEeWYpCIAC4O5_Q@1"
"POZJ3uOtEeSoXCIACw4Gzg","Qm8kd","7Z6FEA8qEeWjlSIACxCHZA@1"
"POZJ3uOtEeSoXCIACw4Gzg","RfSxV","PqJsa-niEeSBAyIAC0yDbg@2"
"POZJ3uOtEeSoXCIACw4Gzg","JiH1W","86CCsYfPEeSb9SIACzCJlg@5"
"POZJ3uOtEeSoXCIACw4Gzg","mvm51","QPOVCeOtEeS_7SIACxCfaQ@2"
"POZJ3uOtEeSoXCIACw4Gzg","Vxdg2","QPyVu-OtEeS_7SIACxCfaQ@1"
"POZJ3uOtEeSoXCIACw4Gzg","ka1Nf","8-x_H4fPEeSb9SIACzCJlg@2"
"POZJ3uOtEeSoXCIACw4Gzg","ljbCo","PysxSuOtEeS_7SIACxCfaQ@4"
"POZJ3uOtEeSoXCIACw4Gzg","6cib0","QiLtgeOtEeS_7SIACxCfaQ@1"
"POZJ3uOtEeSoXCIACw4Gzg","1r2Gs","Qhctr-OtEeS_7SIACxCfaQ@2"
"POZJ3uOtEeSoXCIACw4Gzg","N1LnH","Qk6RbeOtEeS_7SIACxCfaQ@2"
"POZJ3uOtEeSoXCIACw4Gzg","JiH1W","86CCsYfPEeSb9SIACzCJlg@2"
"POZJ3uOtEeSoXCIACw4Gzg","Qm8kd","7Z6FEA8qEeWjlSIACxCHZA@22"
"POZJ3uOtEeSoXCIACw4Gzg","Qm8kd","7Z6FEA8qEeWjlSIACxCHZA@6"
"POZJ3uOtEeSoXCIACw4Gzg","wFqWC","Qszo1OOtEeS_7SIACxCfaQ@1"
"POZJ3uOtEeSoXCIACw4Gzg","lfrEt","QQ03lOOtEeS_7SIACxCfaQ@1"
"POZJ3uOtEeSoXCIACw4Gzg","VbM7a","QqtXCOOtEeS_7SIACxCfaQ@2"
"POZJ3uOtEeSoXCIACw4Gzg","du7Yk","Px5gCOOtEeS_7SIACxCfaQ@3"
"POZJ3uOtEeSoXCIACw4Gzg","7DQYI","PzdmTuOtEeS_7SIACxCfaQ@2"
"POZJ3uOtEeSoXCIACw4Gzg","4Bj3v","P5TI8-OtEeS_7SIACxCfaQ@1"
"POZJ3uOtEeSoXCIACw4Gzg","mHZLg","K7qVnQjhEeWCQyIAC5XEog@7"
"POZJ3uOtEeSoXCIACw4Gzg","dUT2M","A0XgSvlIEeS7YiIAC0KBkQ@6"
"POZJ3uOtEeSoXCIACw4Gzg","sNQuq","QsBlsOOtEeS_7SIACxCfaQ@2"
"POZJ3uOtEeSoXCIACw4Gzg","Qm8kd","7Z6FEA8qEeWjlSIACxCHZA@9"
"POZJ3uOtEeSoXCIACw4Gzg","UKpv5","Qsh8AuOtEeS_7SIACxCfaQ@2"
"POZJ3uOtEeSoXCIACw4Gzg","0qMnN","Qt-tjOOtEeS_7SIACxCfaQ@1"
"POZJ3uOtEeSoXCIACw4Gzg","7DQYI","PzdmTuOtEeS_7SIACxCfaQ@1"
"POZJ3uOtEeSoXCIACw4Gzg","Qm8kd","7Z6FEA8qEeWjlSIACxCHZA@29"
"POZJ3uOtEeSoXCIACw4Gzg","fx2cL","QkPjCeOtEeS_7SIACxCfaQ@2"
"POZJ3uOtEeSoXCIACw4Gzg","P2dKC","P6SneOOtEeS_7SIACxCfaQ@2"
"POZJ3uOtEeSoXCIACw4Gzg","1AWPc","P7bP7uOtEeS_7SIACxCfaQ@1"
"POZJ3uOtEeSoXCIACw4Gzg","Qm8kd","7Z6FEA8qEeWjlSIACxCHZA@10"
"POZJ3uOtEeSoXCIACw4Gzg","dUT2M","A0XgSvlIEeS7YiIAC0KBkQ@1"
"POZJ3uOtEeSoXCIACw4Gzg","JiH1W","86CCsYfPEeSb9SIACzCJlg@4"
"POZJ3uOtEeSoXCIACw4Gzg","ka1Nf","8-x_H4fPEeSb9SIACzCJlg@8"
"POZJ3uOtEeSoXCIACw4Gzg","8fVvc","P6ATluOtEeS_7SIACxCfaQ@1"
"POZJ3uOtEeSoXCIACw4Gzg","RfSxV","PqJsa-niEeSBAyIAC0yDbg@4"
"POZJ3uOtEeSoXCIACw4Gzg","Qm8kd","7Z6FEA8qEeWjlSIACxCHZA@21"
"POZJ3uOtEeSoXCIACw4Gzg","ZOw05","PzJdPOOtEeS_7SIACxCfaQ@4"
"POZJ3uOtEeSoXCIACw4Gzg","wFqWC","Qszo1OOtEeS_7SIACxCfaQ@2"
"POZJ3uOtEeSoXCIACw4Gzg","Qm8kd","7Z6FEA8qEeWjlSIACxCHZA@15"
"POZJ3uOtEeSoXCIACw4Gzg","ka1Nf","8-x_H4fPEeSb9SIACzCJlg@1"
"POZJ3uOtEeSoXCIACw4Gzg","iFuUg","P7GfzOOtEeS_7SIACxCfaQ@9"
"POZJ3uOtEeSoXCIACw4Gzg","du7Yk","Px5gCOOtEeS_7SIACxCfaQ@2"
"POZJ3uOtEeSoXCIACw4Gzg","JiH1W","86CCsYfPEeSb9SIACzCJlg@6"
"POZJ3uOtEeSoXCIACw4Gzg","mIUnh","DwWleQjhEeWk6iIAC3_PpA@2"
"POZJ3uOtEeSoXCIACw4Gzg","mIUnh","DwWleQjhEeWk6iIAC3_PpA@5"
"POZJ3uOtEeSoXCIACw4Gzg","gPRr9","QzQPxeOtEeS_7SIACxCfaQ@2"
"POZJ3uOtEeSoXCIACw4Gzg","Qm8kd","7Z6FEA8qEeWjlSIACxCHZA@16"
"POZJ3uOtEeSoXCIACw4Gzg","lfrEt","QQ03lOOtEeS_7SIACxCfaQ@2"
"POZJ3uOtEeSoXCIACw4Gzg","Qm8kd","7Z6FEA8qEeWjlSIACxCHZA@27"
"POZJ3uOtEeSoXCIACw4Gzg","fGSCT","TAkmugjhEeWCQyIAC5XEog@3"
"POZJ3uOtEeSoXCIACw4Gzg","ka1Nf","8-x_H4fPEeSb9SIACzCJlg@5"
"POZJ3uOtEeSoXCIACw4Gzg","7DQYI","PzdmTuOtEeS_7SIACxCfaQ@5"
"POZJ3uOtEeSoXCIACw4Gzg","UKpv5","Qsh8AuOtEeS_7SIACxCfaQ@3"
"POZJ3uOtEeSoXCIACw4Gzg","iFuUg","P7GfzOOtEeS_7SIACxCfaQ@3"
"POZJ3uOtEeSoXCIACw4Gzg","eBNe7","Q0Umy-OtEeS_7SIACxCfaQ@2"
"POZJ3uOtEeSoXCIACw4Gzg","cFvam","QO4Wx-OtEeS_7SIACxCfaQ@2"
"POZJ3uOtEeSoXCIACw4Gzg","g4SnF","QjZ1heOtEeS_7SIACxCfaQ@1"
"POZJ3uOtEeSoXCIACw4Gzg","loU2f","auc45AjhEeWTpSIAC4-MSg@4"
"POZJ3uOtEeSoXCIACw4Gzg","Q3ydh","QtIY9uOtEeS_7SIACxCfaQ@2"
"POZJ3uOtEeSoXCIACw4Gzg","dUT2M","A0XgSvlIEeS7YiIAC0KBkQ@3"
"POZJ3uOtEeSoXCIACw4Gzg","ljbCo","PysxSuOtEeS_7SIACxCfaQ@3"
"POZJ3uOtEeSoXCIACw4Gzg","wiSdB","QN1N4eOtEeS_7SIACxCfaQ@3"
"POZJ3uOtEeSoXCIACw4Gzg","iFuUg","P7GfzOOtEeS_7SIACxCfaQ@1"
"POZJ3uOtEeSoXCIACw4Gzg","eBNe7","Q0Umy-OtEeS_7SIACxCfaQ@3"
"POZJ3uOtEeSoXCIACw4Gzg","y77WO","Q07qz-OtEeS_7SIACxCfaQ@2"
"POZJ3uOtEeSoXCIACw4Gzg","mHZLg","K7qVnQjhEeWCQyIAC5XEog@1"
"POZJ3uOtEeSoXCIACw4Gzg","fGSCT","TAkmugjhEeWCQyIAC5XEog@1"
"POZJ3uOtEeSoXCIACw4Gzg","Vxdg2","QPyVu-OtEeS_7SIACxCfaQ@3"
"POZJ3uOtEeSoXCIACw4Gzg","Qm8kd","7Z6FEA8qEeWjlSIACxCHZA@14"
"POZJ3uOtEeSoXCIACw4Gzg","mHZLg","K7qVnQjhEeWCQyIAC5XEog@8"
"POZJ3uOtEeSoXCIACw4Gzg","HD5V6","Q0nhveOtEeS_7SIACxCfaQ@1"
"POZJ3uOtEeSoXCIACw4Gzg","dUT2M","A0XgSvlIEeS7YiIAC0KBkQ@4"
"POZJ3uOtEeSoXCIACw4Gzg","iFuUg","P7GfzOOtEeS_7SIACxCfaQ@8"
"POZJ3uOtEeSoXCIACw4Gzg","cFvam","QO4Wx-OtEeS_7SIACxCfaQ@3"
"POZJ3uOtEeSoXCIACw4Gzg","g4SnF","QjZ1heOtEeS_7SIACxCfaQ@2"
"POZJ3uOtEeSoXCIACw4Gzg","sNQuq","QsBlsOOtEeS_7SIACxCfaQ@3"
"POZJ3uOtEeSoXCIACw4Gzg","fGSCT","TAkmugjhEeWCQyIAC5XEog@2"
"POZJ3uOtEeSoXCIACw4Gzg","klaji","QrYsfOOtEeS_7SIACxCfaQ@4"
"POZJ3uOtEeSoXCIACw4Gzg","du7Yk","Px5gCOOtEeS_7SIACxCfaQ@1"
"POZJ3uOtEeSoXCIACw4Gzg","RfSxV","PqJsa-niEeSBAyIAC0yDbg@3"
"POZJ3uOtEeSoXCIACw4Gzg","hJxJk","Q1OkweOtEeS_7SIACxCfaQ@3"
"POZJ3uOtEeSoXCIACw4Gzg","ka1Nf","8-x_H4fPEeSb9SIACzCJlg@3"
"POZJ3uOtEeSoXCIACw4Gzg","Qm8kd","7Z6FEA8qEeWjlSIACxCHZA@4"
"POZJ3uOtEeSoXCIACw4Gzg","iFuUg","P7GfzOOtEeS_7SIACxCfaQ@6"
"POZJ3uOtEeSoXCIACw4Gzg","mHZLg","K7qVnQjhEeWCQyIAC5XEog@4"
"POZJ3uOtEeSoXCIACw4Gzg","Qm8kd","7Z6FEA8qEeWjlSIACxCHZA@24"
"POZJ3uOtEeSoXCIACw4Gzg","iFuUg","P7GfzOOtEeS_7SIACxCfaQ@4"
"POZJ3uOtEeSoXCIACw4Gzg","1r2Gs","Qhctr-OtEeS_7SIACxCfaQ@3"
"POZJ3uOtEeSoXCIACw4Gzg","N1LnH","Qk6RbeOtEeS_7SIACxCfaQ@3"
"POZJ3uOtEeSoXCIACw4Gzg","0qMnN","Qt-tjOOtEeS_7SIACxCfaQ@2"
"POZJ3uOtEeSoXCIACw4Gzg","8fVvc","P6ATluOtEeS_7SIACxCfaQ@3"
"POZJ3uOtEeSoXCIACw4Gzg","yPxOc","QlNzb-OtEeS_7SIACxCfaQ@2"
"POZJ3uOtEeSoXCIACw4Gzg","xz5Zr","czAAS_7HEeSoGSIAC9hEHA@2"
"POZJ3uOtEeSoXCIACw4Gzg","gX8vK","2vkPlgjgEeWRIiIAC9lFJw@1"
"POZJ3uOtEeSoXCIACw4Gzg","Qm8kd","7Z6FEA8qEeWjlSIACxCHZA@13"
"POZJ3uOtEeSoXCIACw4Gzg","O3H0j","QOLzM-OtEeS_7SIACxCfaQ@2"
"POZJ3uOtEeSoXCIACw4Gzg","uTTWn","QOhKZeOtEeS_7SIACxCfaQ@2"
"POZJ3uOtEeSoXCIACw4Gzg","klaji","QrYsfOOtEeS_7SIACxCfaQ@2"
"POZJ3uOtEeSoXCIACw4Gzg","gX8vK","2vkPlgjgEeWRIiIAC9lFJw@3"
"POZJ3uOtEeSoXCIACw4Gzg","JiH1W","86CCsYfPEeSb9SIACzCJlg@3"
"POZJ3uOtEeSoXCIACw4Gzg","nBkTi","Qq_q6uOtEeS_7SIACxCfaQ@1"
"POZJ3uOtEeSoXCIACw4Gzg","Qm8kd","7Z6FEA8qEeWjlSIACxCHZA@5"
"POZJ3uOtEeSoXCIACw4Gzg","Qm8kd","7Z6FEA8qEeWjlSIACxCHZA@8"
"POZJ3uOtEeSoXCIACw4Gzg","mIUnh","DwWleQjhEeWk6iIAC3_PpA@1"
"POZJ3uOtEeSoXCIACw4Gzg","b0Br8","Q1hfs-OtEeS_7SIACxCfaQ@2"
"POZJ3uOtEeSoXCIACw4Gzg","Qm8kd","7Z6FEA8qEeWjlSIACxCHZA@19"
"POZJ3uOtEeSoXCIACw4Gzg","yzEvr","Q0Br2eOtEeS_7SIACxCfaQ@2"
"POZJ3uOtEeSoXCIACw4Gzg","Qm8kd","7Z6FEA8qEeWjlSIACxCHZA@25"
"POZJ3uOtEeSoXCIACw4Gzg","mIUnh","DwWleQjhEeWk6iIAC3_PpA@3"
"POZJ3uOtEeSoXCIACw4Gzg","hJxJk","Q1OkweOtEeS_7SIACxCfaQ@1"
"POZJ3uOtEeSoXCIACw4Gzg","Q3ydh","QtIY9uOtEeS_7SIACxCfaQ@1"
"POZJ3uOtEeSoXCIACw4Gzg","Qm8kd","7Z6FEA8qEeWjlSIACxCHZA@20"
"POZJ3uOtEeSoXCIACw4Gzg","ljbCo","PysxSuOtEeS_7SIACxCfaQ@1"
"POZJ3uOtEeSoXCIACw4Gzg","b0Br8","Q1hfs-OtEeS_7SIACxCfaQ@3"
"POZJ3uOtEeSoXCIACw4Gzg","OXneB","QtZeuOOtEeS_7SIACxCfaQ@2"
"POZJ3uOtEeSoXCIACw4Gzg","4Bj3v","P5TI8-OtEeS_7SIACxCfaQ@4"
"POZJ3uOtEeSoXCIACw4Gzg","ZOw05","PzJdPOOtEeS_7SIACxCfaQ@2"
"POZJ3uOtEeSoXCIACw4Gzg","b0Br8","Q1hfs-OtEeS_7SIACxCfaQ@1"
"POZJ3uOtEeSoXCIACw4Gzg","Qm8kd","7Z6FEA8qEeWjlSIACxCHZA@23"
"POZJ3uOtEeSoXCIACw4Gzg","4Bj3v","P5TI8-OtEeS_7SIACxCfaQ@3"
"POZJ3uOtEeSoXCIACw4Gzg","uTTWn","QOhKZeOtEeS_7SIACxCfaQ@1"
"POZJ3uOtEeSoXCIACw4Gzg","xz5Zr","czAAS_7HEeSoGSIAC9hEHA@3"
"POZJ3uOtEeSoXCIACw4Gzg","N1LnH","Qk6RbeOtEeS_7SIACxCfaQ@1"
"POZJ3uOtEeSoXCIACw4Gzg","sNQuq","QsBlsOOtEeS_7SIACxCfaQ@1"
"POZJ3uOtEeSoXCIACw4Gzg","Qm8kd","7Z6FEA8qEeWjlSIACxCHZA@2"
"POZJ3uOtEeSoXCIACw4Gzg","lfrEt","QQ03lOOtEeS_7SIACxCfaQ@3"
"POZJ3uOtEeSoXCIACw4Gzg","ka1Nf","8-x_H4fPEeSb9SIACzCJlg@6"
"POZJ3uOtEeSoXCIACw4Gzg","js8wk","Qy9U0-OtEeS_7SIACxCfaQ@3"
"POZJ3uOtEeSoXCIACw4Gzg","ZOw05","PzJdPOOtEeS_7SIACxCfaQ@1"
"POZJ3uOtEeSoXCIACw4Gzg","Qm8kd","7Z6FEA8qEeWjlSIACxCHZA@18"
"POZJ3uOtEeSoXCIACw4Gzg","iCjGL","P6mwiuOtEeS_7SIACxCfaQ@2"
"POZJ3uOtEeSoXCIACw4Gzg","O3H0j","QOLzM-OtEeS_7SIACxCfaQ@1"
"POZJ3uOtEeSoXCIACw4Gzg","M7Go1","P7x0QOOtEeS_7SIACxCfaQ@2"
"POZJ3uOtEeSoXCIACw4Gzg","yPxOc","QlNzb-OtEeS_7SIACxCfaQ@1"
"POZJ3uOtEeSoXCIACw4Gzg","1AWPc","P7bP7uOtEeS_7SIACxCfaQ@2"
"POZJ3uOtEeSoXCIACw4Gzg","ka1Nf","8-x_H4fPEeSb9SIACzCJlg@4"
"POZJ3uOtEeSoXCIACw4Gzg","ka1Nf","8-x_H4fPEeSb9SIACzCJlg@7"
"POZJ3uOtEeSoXCIACw4Gzg","RfSxV","PqJsa-niEeSBAyIAC0yDbg@5"
"POZJ3uOtEeSoXCIACw4Gzg","1vJSS","QQHs7eOtEeS_7SIACxCfaQ@2"
"POZJ3uOtEeSoXCIACw4Gzg","mHZLg","K7qVnQjhEeWCQyIAC5XEog@6"
"POZJ3uOtEeSoXCIACw4Gzg","nBkTi","Qq_q6uOtEeS_7SIACxCfaQ@3"
"POZJ3uOtEeSoXCIACw4Gzg","Qm8kd","7Z6FEA8qEeWjlSIACxCHZA@11"
"POZJ3uOtEeSoXCIACw4Gzg","wiSdB","QN1N4eOtEeS_7SIACxCfaQ@2"
"POZJ3uOtEeSoXCIACw4Gzg","ajqnX","QzuJ1-OtEeS_7SIACxCfaQ@1"
"POZJ3uOtEeSoXCIACw4Gzg","MvXQX","Qjulp-OtEeS_7SIACxCfaQ@2"
"POZJ3uOtEeSoXCIACw4Gzg","Qm8kd","7Z6FEA8qEeWjlSIACxCHZA@26"
"POZJ3uOtEeSoXCIACw4Gzg","SpeI0","QttAuuOtEeS_7SIACxCfaQ@2"
"POZJ3uOtEeSoXCIACw4Gzg","UKpv5","Qsh8AuOtEeS_7SIACxCfaQ@1"
"POZJ3uOtEeSoXCIACw4Gzg","4Bj3v","P5TI8-OtEeS_7SIACxCfaQ@5"
"POZJ3uOtEeSoXCIACw4Gzg","VbM7a","QqtXCOOtEeS_7SIACxCfaQ@1"
"POZJ3uOtEeSoXCIACw4Gzg","ljbCo","PysxSuOtEeS_7SIACxCfaQ@2"
"POZJ3uOtEeSoXCIACw4Gzg","iCjGL","P6mwiuOtEeS_7SIACxCfaQ@1"
"POZJ3uOtEeSoXCIACw4Gzg","wiSdB","QN1N4eOtEeS_7SIACxCfaQ@1"
"POZJ3uOtEeSoXCIACw4Gzg","gPRr9","QzQPxeOtEeS_7SIACxCfaQ@1"
"POZJ3uOtEeSoXCIACw4Gzg","7DQYI","PzdmTuOtEeS_7SIACxCfaQ@3"
"POZJ3uOtEeSoXCIACw4Gzg","iFuUg","P7GfzOOtEeS_7SIACxCfaQ@2"
"POZJ3uOtEeSoXCIACw4Gzg","js8wk","Qy9U0-OtEeS_7SIACxCfaQ@2"
"POZJ3uOtEeSoXCIACw4Gzg","Qm8kd","7Z6FEA8qEeWjlSIACxCHZA@3"
"POZJ3uOtEeSoXCIACw4Gzg","Qm8kd","7Z6FEA8qEeWjlSIACxCHZA@31"
"POZJ3uOtEeSoXCIACw4Gzg","dUT2M","A0XgSvlIEeS7YiIAC0KBkQ@2"
"POZJ3uOtEeSoXCIACw4Gzg","dUT2M","A0XgSvlIEeS7YiIAC0KBkQ@5"
"POZJ3uOtEeSoXCIACw4Gzg","4Bj3v","P5TI8-OtEeS_7SIACxCfaQ@2"
"POZJ3uOtEeSoXCIACw4Gzg","7DQYI","PzdmTuOtEeS_7SIACxCfaQ@4"
"POZJ3uOtEeSoXCIACw4Gzg","loU2f","auc45AjhEeWTpSIAC4-MSg@2"
"POZJ3uOtEeSoXCIACw4Gzg","mvm51","QPOVCeOtEeS_7SIACxCfaQ@1"
"POZJ3uOtEeSoXCIACw4Gzg","OXneB","QtZeuOOtEeS_7SIACxCfaQ@1"
"POZJ3uOtEeSoXCIACw4Gzg","loU2f","auc45AjhEeWTpSIAC4-MSg@3"
"POZJ3uOtEeSoXCIACw4Gzg","qJATX","Q1zzl-OtEeS_7SIACxCfaQ@2"
"POZJ3uOtEeSoXCIACw4Gzg","1r2Gs","Qhctr-OtEeS_7SIACxCfaQ@1"
"POZJ3uOtEeSoXCIACw4Gzg","gX8vK","2vkPlgjgEeWRIiIAC9lFJw@2"
"POZJ3uOtEeSoXCIACw4Gzg","JiH1W","86CCsYfPEeSb9SIACzCJlg@1"
"POZJ3uOtEeSoXCIACw4Gzg","QM64G","Qrwf7uOtEeS_7SIACxCfaQ@1"
"POZJ3uOtEeSoXCIACw4Gzg","HD5V6","Q0nhveOtEeS_7SIACxCfaQ@2"
"POZJ3uOtEeSoXCIACw4Gzg","8fVvc","P6ATluOtEeS_7SIACxCfaQ@2"
"POZJ3uOtEeSoXCIACw4Gzg","js8wk","Qy9U0-OtEeS_7SIACxCfaQ@1"
"POZJ3uOtEeSoXCIACw4Gzg","iFuUg","P7GfzOOtEeS_7SIACxCfaQ@7"
"POZJ3uOtEeSoXCIACw4Gzg","QM64G","Qrwf7uOtEeS_7SIACxCfaQ@3"
"POZJ3uOtEeSoXCIACw4Gzg","Vxdg2","QPyVu-OtEeS_7SIACxCfaQ@2"
"POZJ3uOtEeSoXCIACw4Gzg","cFvam","QO4Wx-OtEeS_7SIACxCfaQ@1"
